Date,Close,High,Low,Open,Volume
,MSFT,MSFT,MSFT,MSFT,MSFT
2022-01-03,325.634765625,328.79626820388347,320.80009741690554,326.21843357688016,28865100
2022-01-04,320.05108642578125,326.0725354624278,317.2397667073394,325.712585604074,32674300
2022-01-05,307.7649841308594,317.19112801347296,307.37588205960316,316.9868249346307,40054300
2022-01-06,305.33306884765625,310.02182762578025,303.00813417247446,304.6229360221158,39646100
2022-01-07,305.4887390136719,307.8817452139908,301.64628513715576,305.5957294780859,32720000
2022-01-10,305.7124328613281,306.15019125836943,296.39330884640736,301.0625932107802,44289500
2022-01-11,306.4031677246094,307.98875821098284,301.4517709780265,304.8467294701286,29386800
2022-01-12,309.6035461425781,314.6035989823471,308.44594728470446,310.9654481070807,34372200
2022-01-13,296.50030517578125,312.14246451080345,295.7221009951654,311.7436252200972,45366000
2022-01-14,301.7532653808594,302.35637803001896,295.47888701649265,295.96527201569677,39846400
2022-01-18,294.4088439941406,301.3641437796384,293.5236197033921,295.7901905004896,42333200
2022-01-19,295.0703430175781,305.3622673575025,294.4575227878917,297.9497639039901,45933900
2022-01-20,293.3874816894531,303.1638097727385,292.9400157349673,300.6540758605654,35380700
2022-01-21,287.9691162109375,295.82908513910786,287.56053972855347,294.44776829500927,57984400
2022-01-24,288.29986572265625,289.01970608679983,268.5331704445488,284.2434310873334,85731500
2022-01-25,280.6343994140625,286.9574042251114,277.40482567237643,283.5818912385189,72848600
2022-01-26,288.63055419921875,300.09951985031154,285.0507680240012,299.6033976921818,90428900
2022-01-27,291.6754150390625,298.9322724644333,289.8174203829924,294.41863414508794,53481300
2022-01-28,299.8661193847656,300.08012999341486,286.4321667298066,292.05477669895004,49743700
2022-01-31,302.5120849609375,303.8739572922646,298.0275989393004,300.5373626588656,46444500
2022-02-01,300.35247802734375,302.17155319764396,296.82131813836816,301.9575426078095,40950400
2022-02-02,304.92449951171875,306.53930139921533,300.4692256286445,301.1988031851684,36636000
2022-02-03,293.0469665527344,302.7552219741665,291.79208492313614,301.0625819638804,43730000
2022-02-04,297.60931396484375,300.3914224555143,291.8018747496891,292.0353300953145,35096500
2022-02-07,292.7551574707031,299.4575276563962,291.73373110957107,297.8330183026639,28533300
2022-02-08,296.266845703125,297.2396157585428,291.7823899972102,293.0469791946189,32421200
2022-02-09,302.73577880859375,303.43617447800517,299.0198195356215,301.4322704184702,31284700
2022-02-10,294.1462097167969,300.7026702927466,292.5119631728677,295.76101154707897,45386200
2022-02-11,287.0060729980469,296.0041956198733,286.20839446246674,294.9341426680689,39175600
2022-02-14,286.96722412109375,288.6793092630172,283.41661864132067,285.77070602487333,36359500
2022-02-15,292.28826904296875,292.6092701533062,288.9321999110304,291.8408030542407,27058300
2022-02-16,291.94708251953125,293.2825285212972,286.2738465978352,290.8455745770607,29982100
2022-02-17,283.39825439453125,289.31515587085715,282.68665314458684,288.8862496034896,32461600
2022-02-18,280.6688232421875,286.44927025529336,279.0896820107594,285.65969963957934,34264000
2022-02-22,280.4641418457031,284.1878144144707,277.3253441421195,277.8127349051109,41736100
2022-02-23,273.20196533203125,284.34373905959274,273.03626915710015,282.86205233051413,37811200
2022-02-24,287.160888671875,287.7165212860402,264.6726715319733,265.63772547972644,56989700
2022-02-25,289.81231689453125,290.12425414795905,284.29504943491895,287.6970574684167,32546700
2022-02-28,291.2549743652344,291.59615384176226,285.6109811188131,286.8879425112131,34627500
2022-03-01,287.51177978515625,292.4051716010198,284.7823740737529,288.9251949366631,31217800
2022-03-02,292.6196594238281,293.8673785477649,286.29333703933276,287.91144814315027,31873000
2022-03-03,288.4573669433594,295.4855335304221,286.6345004718667,295.2515954797372,27314500
2022-03-04,282.5501708984375,288.2039218391596,279.92803584979396,286.8684758512566,32356500
2022-03-07,271.8762512207031,282.38439226188854,271.5058295734761,281.2536424038137,43157200
2022-03-08,268.89349365234375,276.79895765959355,263.1910156960027,270.7942998058096,48159500
2022-03-09,281.2244567871094,282.29672236396794,273.6991425767522,276.2920648815301,35204500
2022-03-10,278.3878479003906,279.3723867449448,273.50418301542686,275.88265227991445,30628000
2022-03-11,273.007080078125,282.20902043254233,272.38320559743175,280.69809115784795,27209300
2022-03-14,269.4685974121094,278.2026312310251,268.8642376481267,273.2702392726219,30660700
2022-03-15,279.90850830078125,280.5616250101141,271.70086453830385,273.2800058454423,34245100
2022-03-16,286.9659423828125,287.1413959147173,276.0581349298359,281.81906746317213,37826300
2022-03-17,287.7750549316406,288.15520432604643,282.0725760317402,285.8937333884048,30816600
2022-03-18,292.8536071777344,293.4092397879423,285.3478072645001,287.92121502824654,43390600
2022-03-21,291.6156311035156,292.57092766310933,287.4630524796933,291.3524508132056,28351200
2022-03-22,296.3920593261719,297.30835631234925,291.23545688233907,292.2394806334095,27599700
2022-03-23,291.9372863769531,295.5829892215264,290.2119339230564,292.93158249273176,25715400
2022-03-24,296.4310302734375,296.528514363223,290.79679496025915,291.5961228493457,24484500
2022-03-25,296.0216369628906,297.7957464215104,291.74236167311045,297.53256612739574,22566500
2022-03-28,302.8646240234375,302.9620783750849,296.65524087861996,296.65524087861996,29578200
2022-03-29,307.45587158203125,307.8555356124109,301.25624506537525,305.99369916511864,30393400
2022-03-30,305.94488525390625,307.98220462024,303.72238478405603,305.8474309093087,28163600
2022-03-31,300.5348815917969,307.1926558891614,300.12549002106,305.98390660172134,33422100
2022-04-01,301.6169128417969,302.30899939577387,297.8347557615202,301.5681559167176,27110500
2022-04-04,307.02691650390625,307.16337043885454,301.899556524031,302.2699782371281,24289600
2022-04-05,303.0400390625,306.92940723508406,302.05550035296193,305.3697510832116,23156700
2022-04-06,291.94708251953125,299.2579443522407,289.2274335883309,297.49359207645136,40110400
2022-04-07,293.76983642578125,295.9923366059487,288.87644499564846,289.1786248196388,31411200
2022-04-08,289.4809265136719,293.5262646732241,288.80832475183087,292.8634202478662,24361900
2022-04-11,278.06622314453125,285.2308444774175,277.81277039604595,284.4315461324585,34569300
2022-04-12,274.9468688964844,283.4079652196335,273.4164547942549,281.945792962261,30966700
2022-04-13,280.3665771484375,281.3023588149463,274.20595253566563,275.59991232556723,21907200
2022-04-14,272.7731018066406,281.03925987078986,272.2759834561352,280.82480674477745,28221600
2022-04-18,273.4456787109375,275.3367570834857,271.32066231224934,271.87629487230055,20778000
2022-04-19,278.1051330566406,278.953217898112,271.3889044009939,272.3344435881337,22297700
2022-04-20,279.138427734375,282.39422425874454,278.17340352836885,282.101771947732,22906700
2022-04-21,273.7283935546875,285.90340510019286,272.9973074218899,281.30243518120113,29454600
2022-04-22,267.119384765625,276.0581445949156,266.4857827129163,274.5764576123665,29405800
2022-04-25,273.640625,274.02077426205614,263.941538553541,266.3980066233075,35678900
2022-04-26,263.40545654296875,271.34016243652076,263.1910034243338,270.5018646305653,46518400
2022-04-27,276.0776062011719,283.63216251371057,272.11999585469886,274.9858557260027,63477700
2022-04-28,282.3259582519531,283.6419191689695,274.36198065629725,277.9979262014816,33646600
2022-04-29,270.5213928222656,282.569709486261,269.5271262484502,281.33171775194916,37073900
2022-05-02,277.2960510253906,277.7541994484891,269.25410491106345,270.7065195990292,35151100
2022-05-03,274.6739196777344,276.96466206724233,273.0850211320763,276.7989361292909,25978600
2022-05-04,282.6672058105469,283.54450338392263,269.7513483890285,275.4635548262336,33599300
2022-05-05,270.35565185546875,279.12868525425324,267.42155005496926,278.33911462820026,43260400
2022-05-06,267.8017272949219,272.20772888488153,264.42896194821265,267.8796967243855,37780300
2022-05-09,257.9076843261719,265.4914834457657,256.67947982600253,263.2494978241472,47726000
2022-05-10,262.70361328125,266.84643464097286,258.38533839168707,264.8383871382154,39336400
2022-05-11,253.9792938232422,264.5166788733009,252.76081701589987,258.97992740025,48975900
2022-05-12,248.9104766845703,253.32623595061162,243.71488919764607,251.19146195961426,51033800
2022-05-13,254.53492736816406,256.40652084056336,248.91044911305778,250.86001201232125,34925100
2022-05-16,254.9053497314453,259.1164127441504,249.32959863535496,253.40417796573698,32550900
2022-05-17,260.0911865234375,261.56308624410974,255.84112404859522,259.39907029430674,28828800
2022-05-18,248.2493438720703,257.55088195954716,246.9694082925234,256.9646448671213,31356000
2022-05-19,247.33091735839844,251.75697618113554,246.09983733156085,248.07347143525826,32692300
2022-05-20,246.7642364501953,252.6070178061885,240.784683327095,251.3368323893592,39199300
2022-05-23,254.66854858398438,255.49904858681893,247.61423331558927,249.62697256957765,33175400
2022-05-24,253.66217041015625,255.3329205528105,247.68261847454892,251.97188996672497,29043900
2022-05-25,256.49566650390625,258.50839113022187,251.229372012258,252.2162040206806,28547900
2022-05-26,259.798095703125,260.98032015992106,255.43067249294842,256.2513925154789,25002100
2022-05-27,266.96966552734375,267.06737668588744,261.42001760227106,262.3189185167098,26910800
2022-05-31,265.631103515625,268.46454814999765,262.75856845520855,266.27596136768364,37827700
2022-06-01,266.16851806640625,271.3175713549136,263.8431295434479,268.88472142460097,25292200
2022-06-02,268.27886962890625,268.34727041092106,255.59675637137263,258.3813599596805,44008200
2022-06-03,263.82354736328125,267.1748580929642,262.25050809236035,264.1069007674734,28059000
2022-06-06,262.58270263671875,267.8880873887345,261.08781439672373,265.8167420959057,22400300
2022-06-07,266.24658203125,266.86212935863284,259.83712541433647,260.52107351526206,22860700
2022-06-08,264.20458984375,266.7351505141469,263.4229304866885,265.4747453002484,17372300
2022-06-09,258.71356201171875,266.4517957956073,258.55723014109145,261.6349374373484,26439700
2022-06-10,247.184326171875,254.60013042484456,246.73487580967534,254.60013042484456,31422800
2022-06-13,236.70057678222656,243.30545685676884,235.98733310322459,239.4851805295695,46135800
2022-06-14,238.87940979003906,240.10072459035263,235.96778457187938,238.26386235992007,28651500
2022-06-15,245.98255920410156,249.44133097278552,240.76510609798785,242.61173342919113,33111700
2022-06-16,239.34840393066406,241.7421780918866,237.44315571698203,240.33522097758944,33169200
2022-06-17,241.96690368652344,244.75150764110145,238.42998048259105,239.0846034844519,43084800
2022-06-21,247.91712951660156,248.90394646915755,243.78418966142996,244.516978512664,29928300
2022-06-22,247.3211212158203,251.26841874585492,244.62444876832834,246.10957164458284,25939900
2022-06-23,252.91964721679688,253.4179532405101,247.8096847275751,249.70516784913139,25861400
2022-06-24,261.5567932128906,261.8303665392892,255.7140123924243,255.80194348120352,33923200
2022-06-27,258.811279296875,262.1429998718292,257.238210310739,262.0550687832511,24615100
2022-06-28,250.59423828125,260.78488066236616,250.4379064264816,257.922126251473,27295500
2022-06-29,254.2875518798828,255.95830237758284,249.89080316458814,251.6788100350008,20069800
2022-06-30,250.93621826171875,253.57427023351318,247.0964115747402,251.15117086547428,31730900
2022-07-01,253.6231231689453,253.80876541831714,248.76718886364193,250.506354989603,22837700
2022-07-05,256.81805419921875,256.9450756953764,248.89416404155705,250.28157571455267,22941000
2022-07-06,260.1009826660156,261.8401338868576,256.378417244903,257.6974432972696,23824400
2022-07-07,262.24072265625,262.8855804850251,258.9382824803674,259.0359936333195,20859900
2022-07-08,261.5177001953125,261.9476053921388,257.2479884069412,258.71356617323374,19658800
2022-07-11,258.44000244140625,260.4136365057184,256.16345486227567,259.5538260801544,19455200
2022-07-12,247.84872436523438,259.83715393450507,246.25612518586624,259.7785332128201,35868500
2022-07-13,246.9205322265625,247.73148701005059,242.4163228297024,244.44859236387242,29497400
2022-07-14,248.2493438720703,249.28501648121124,240.2961421519958,244.81989713467624,25102800
2022-07-15,250.82875061035156,254.39498387786978,248.9235024960798,249.85169876625037,29774100
2022-07-18,248.41542053222656,254.85418832606308,247.48722430252386,253.789205440495,20975000
2022-07-19,253.5742950439453,253.75993730250053,247.85853509064899,251.66903178709333,25012600
2022-07-20,256.2513427734375,258.79168319801533,252.9684633205692,253.93573497770862,22788300
2022-07-21,258.76239013671875,258.81126061612775,251.13161811146432,253.82829056890776,22404700
2022-07-22,254.38514709472656,259.2410948698133,253.12477196530065,259.1531638015219,21881300
2022-07-25,252.8903350830078,255.49907682641225,250.91670094077966,255.01055086689712,21056000
2022-07-26,246.11936950683594,253.91625446198128,243.84285168222232,253.8966943407885,39348000
2022-07-27,262.5728759765625,263.8528113750205,252.909849739427,255.16683688127296,45994000
2022-07-28,270.0669250488281,271.46410213964964,261.72289329505287,263.5597556772068,33459300
2022-07-29,274.29754638671875,275.528641347026,270.2818773091578,271.327330019347,32152800
2022-08-01,271.6302185058594,274.8251676051536,269.5100026832958,271.44457625247674,21539600
2022-08-02,268.513427734375,271.5129844181178,266.12941855832804,269.66634189503026,22754200
2022-08-03,275.98785400390625,276.99421627776303,270.26231431061575,270.40889595081245,23518900
2022-08-04,277.14080810546875,277.28735994956196,273.74068605345633,275.33325584895266,18098700
2022-08-05,276.417724609375,277.1407333901582,272.2847848165851,272.7440003491173,16774600
2022-08-08,273.88720703125,279.3587038597867,272.91015509105625,277.5315916851269,18739200
2022-08-09,275.8216552734375,276.5837543301853,271.239280875413,273.2227242517133,23405200
2022-08-10,282.5243225097656,283.15940026226946,280.35526616412074,281.5570506992945,24687800
2022-08-11,280.4333801269531,284.52722930944947,279.9351040144919,284.175504994771,20065900
2022-08-12,285.211181640625,285.211181640625,280.35523322114955,281.85990127405483,22619700
2022-08-15,286.7353820800781,287.4290804829766,283.4524726514288,284.32206303277985,18085700
2022-08-16,285.9928283691406,287.2923239805232,283.75540118161075,285.2893498697751,18102900
2022-08-17,285.2388610839844,287.226484746111,283.4274728487166,283.6918259890048,18253400
2022-08-18,284.1128845214844,285.8165534798573,283.0456113375506,284.13245627621524,17186200
2022-08-19,280.1768493652344,283.2121454044515,279.59916871308303,282.86944538895864,20570000
2022-08-22,271.9521484375,276.5638218680338,271.4332130398437,276.1917493413098,25061100
2022-08-23,270.6695251464844,273.0389927321079,269.65122599832847,270.6695251464844,17527400
2022-08-24,270.0330810546875,271.4430244316459,269.3672528796194,269.6610085134701,18137000
2022-08-25,273.0292053222656,273.195639956881,268.78957434075147,271.54091514615766,16583400
2022-08-26,262.4938049316406,274.48809473855994,262.3861154474646,273.2543867966453,27549300
2022-08-29,259.6935119628906,261.8181979316552,258.342313758695,260.3005650968234,20338500
2022-08-30,257.4807434082031,261.4755639993198,255.2189649319629,261.103521250784,22767100
2022-08-31,256.011962890625,261.5342155439782,255.87487096875032,259.85014825608414,24791800
2022-09-01,254.96435546875,255.44414743540307,250.07852722864436,253.46629417161157,23263400
2022-09-02,250.7149200439453,259.2137238025939,249.1581137933587,256.23720323972685,22855400
2022-09-06,247.96359252929688,252.44797525069836,246.68094020616354,250.8520254014025,21328200
2022-09-07,252.7025604248047,253.4271039157159,247.93422281842027,249.38332474051592,24126700
2022-09-08,253.12359619140625,254.99373009299137,249.4714610666313,252.1346994321278,20319900
2022-09-09,258.9395446777344,259.69349050416275,254.8566077082185,255.06221571518003,22084700
2022-09-12,261.0838317871094,261.8671501850033,259.6249442243104,260.2319973073397,18747700
2022-09-13,246.7299041748047,254.96434041286705,246.3382449089679,253.43690662678696,33353300
2022-09-14,246.95509338378906,248.92313072711704,244.64435605806372,248.23774570259533,23913000
2022-09-15,240.2578887939453,246.1522152354102,238.92627713488778,244.55625037262143,31530900
2022-09-16,239.63124084472656,240.17954887293567,237.00717607223177,239.16124972888457,39791800
2022-09-19,239.41583251953125,240.02288570350754,235.8224428106707,237.4086217444272,26826900
2022-09-20,237.3890380859375,238.4269090035508,234.63769708426776,237.01698045564265,26660300
2022-09-21,233.96206665039062,242.49025747416596,233.9131073807631,239.17102218111214,28625600
2022-09-22,235.94972229003906,238.76960926962832,232.61091479132295,232.9046405681356,31061200
2022-09-23,232.95359802246094,236.09659827223658,230.29037477151613,234.53977696593785,34176000
2022-09-26,232.493408203125,236.40991123435145,231.95488604827668,232.10176387611173,27694200
2022-09-27,231.47512817382812,236.7526155062125,229.6049943569396,234.97059942345413,27018700
2022-09-28,236.037841796875,237.27153481149165,229.83017344834093,231.8667567155219,29029700
2022-09-29,232.54238891601562,234.94124425572588,229.5168936311532,233.90337324721835,27484200
2022-09-30,228.03836059570312,235.51888005222983,227.87191102607457,233.31584731377308,35694800
2022-10-03,235.71473693847656,236.56657155468633,229.76165062340124,230.49599493124364,28880400
2022-10-04,243.68482971191406,245.13393168782224,239.86623019314112,239.97393462690772,34888400
2022-10-05,243.99813842773438,245.34933676862912,239.00460597448068,240.8551530786187,20347100
2022-10-06,241.63845825195312,245.1143579543447,240.94328727563956,242.75466110626996,20239900
2022-10-07,229.35040283203125,236.2826143839615,228.3027311914585,235.8713684542027,37769600
2022-10-10,224.46456909179688,229.66372422317414,221.99716811850382,228.18524977908294,29743600
2022-10-11,220.70474243164062,224.27854550032873,219.43187594817857,222.86860200727992,30474000
2022-10-12,221.03761291503906,223.1035686101061,219.2849845956559,220.69491296541872,21903900
2022-10-13,229.35040283203125,231.17157717991353,214.55581332764575,215.26078500684355,42551800
2022-10-14,223.7889862060547,232.2878057575382,223.57357733892508,230.62327997694132,30198600
2022-10-17,232.57174682617188,233.97190446953263,230.2316367945102,230.89745009814104,28142300
2022-10-18,233.52149963378906,238.83814547298792,230.45683114701563,238.16256123142458,26329600
2022-10-19,231.5436248779297,234.6082928817596,229.39933735705645,232.09193284047285,19985700
2022-10-20,231.22056579589844,236.27285881770064,229.96728589068354,230.8485081285932,21811000
2022-10-21,237.06591796875,237.92755339567935,229.60498465550126,229.83998021019283,26299700
2022-10-24,242.0888214111328,242.66650196958307,236.26302667463216,238.67166745134122,24911200
2022-10-25,245.4276580810547,245.7997156975737,240.6984790313292,242.0986216482708,34775500
2022-10-26,226.49136352539062,233.32565671091658,225.25765558472068,226.3444857065967,82543200
2022-10-27,222.01675415039062,228.8118889501119,221.06700101900176,226.21719686136822,40424600
2022-10-28,230.94639587402344,231.66116845947738,221.33138836153447,221.51742465253554,40647700
2022-10-31,227.28443908691406,230.01619304269877,226.3248852048597,228.88040371716804,28357300
2022-11-01,223.40711975097656,230.81910882214837,222.58465770971134,229.70290606892462,30592300
2022-11-02,215.50558471679688,226.47179018805932,215.44682462164948,224.67020238397998,38407000
2022-11-03,209.77767944335938,215.80909728979998,209.51331132332834,215.49576989713026,36633900
2022-11-04,216.76864624023438,216.96446839951057,208.97479880274778,213.00880699714827,36789100
2022-11-07,223.11337280273438,223.64210905753552,216.66093790033182,217.35612373452656,33498000
2022-11-08,224.09249877929688,226.81446708596394,221.12574904260384,223.92604919971197,28192500
2022-11-09,219.8235321044922,223.85754063557675,219.64729662851667,222.6238325426508,27852900
2022-11-10,237.90798950195312,238.25068951785974,230.09456957786256,230.5155865125669,46268000
2022-11-11,241.9517822265625,242.81341772993616,236.87990270480543,237.91778862490293,34620200
2022-11-14,236.50782775878906,238.81856512501489,234.21667709082797,236.93864547897454,31123300
2022-11-15,236.9190673828125,241.84406888595643,235.01956096953973,240.5320439197712,31390100
2022-11-16,237.35107421875,239.38358350898213,236.06480717183115,238.39186999771098,24093300
2022-11-17,237.30198669433594,238.84355351183237,233.3253639763413,233.47264075020115,23123500
2022-11-18,236.85032653808594,239.3246812010048,234.69999575812838,239.09883683924593,27613500
2022-11-21,237.66529846191406,240.23783270543555,236.82087665171096,237.05651949394007,26394700
2022-11-22,240.59129333496094,240.8662199512073,236.34955769689049,239.17737646147847,19665700
2022-11-23,243.09512329101562,243.78243988838923,239.84508589442336,240.66986581127168,19508500
2022-11-25,243.0067596435547,244.19483227747384,242.26051734551132,242.8300125268261,9200800
2022-11-28,237.38050842285156,242.18192539702906,236.43790722800586,241.6222587467849,24778200
2022-11-29,235.97642517089844,238.39185389431003,233.89483375358824,237.02703433595315,17956300
2022-11-30,250.51817321777344,250.7047337909563,235.51496952522623,236.21211456463936,47594200
2022-12-01,250.0762939453125,251.48038230881465,246.37458328695274,249.27114105088032,26041500
2022-12-02,250.4003143310547,251.42146812835296,245.16686553675822,245.2945153798115,21528500
2022-12-05,245.66763305664062,249.22206707564106,243.56639967850296,247.4448425749525,23435300
2022-12-06,240.67965698242188,247.29756756690452,239.3639346203721,246.2764137142749,22463700
2022-12-07,239.94325256347656,241.70083524943195,237.82239217411686,240.39492629319693,20481500
2022-12-08,242.91835021972656,244.23408754539898,238.65697278896897,240.40472694227282,22611800
2022-12-09,240.97421264648438,243.81185967062763,239.73704295172024,240.26725425451173,20609700
2022-12-12,247.93580627441406,247.96526162942584,242.692543329028,242.96746996405648,30665100
2022-12-13,252.26589965820312,259.139094447694,248.4856365310329,256.9494801774457,42196900
2022-12-14,252.56048583984375,257.83320401618323,249.70319661190592,252.47211977688755,35410900
2022-12-15,244.4991912841797,249.5951770987246,242.8594450460343,249.1238764690628,35560400
2022-12-16,240.25747680664062,245.31417927422603,239.09884455300138,244.04755403849336,86102000
2022-12-19,236.0942840576172,240.76806701451366,234.3858134655363,240.42440121507883,29696400
2022-12-20,237.41981506347656,238.50970810030006,234.10103870258786,235.06328188479955,25150800
2022-12-21,240.0021514892578,241.1705970760226,235.76041593639175,237.3117960868346,23690600
2022-12-22,233.87521362304688,237.60637998766668,229.63346281298368,236.8895930796324,28651700
2022-12-23,234.40542602539062,234.54288934026997,229.70220298266847,231.83289185448697,21207000
2022-12-27,232.66749572753906,234.60179555616128,231.55796079001962,234.37596618226544,16688600
2022-12-28,230.281494140625,235.37747982698158,229.92801493167607,232.5987434032064,17457100
2022-12-29,236.64410400390625,237.53762297062295,231.38119968123485,231.38119968123485,19770700
2022-12-30,235.47567749023438,235.61314079654275,232.37291716798632,233.89484197649975,21938500
2023-01-03,235.2400360107422,241.29826533020105,233.099518684118,238.6766338893005,25740000
2023-01-04,224.9498748779297,228.6515707937887,221.86675636636124,228.07226219993836,50623400
2023-01-05,218.28286743164062,223.42795059014287,217.74282764687024,223.0842848228225,39585600
2023-01-06,220.85540771484375,221.67037414337992,215.376502057129,218.96037666884743,43613600
2023-01-09,223.0057373046875,227.05111407181693,222.30860727948638,222.34787609092098,27369800
2023-01-10,224.7043914794922,227.11982022415233,223.21192206293,223.6341254274707,27033900
2023-01-11,231.49905395507812,231.67578608133306,226.92346579858452,227.10019792483945,28669300
2023-01-12,234.1894073486328,235.55422702400872,229.32907915113603,230.99828080713587,27269500
2023-01-13,234.8963623046875,235.0338256158968,230.6644400284827,232.7067627824332,21333300
2023-01-17,235.99610900878906,236.54596231241507,232.79515373322812,233.65921748599973,29831300
2023-01-18,231.53831481933594,237.9893068890098,231.25357474268407,237.19398238340665,30028700
2023-01-19,227.7285919189453,231.25357062675482,226.50123560933417,229.5450852501205,28623000
2023-01-20,235.86843872070312,236.37902316517145,230.26186823597817,230.60553401218095,35389800
2023-01-23,238.18568420410156,240.728762962326,235.30875313249115,236.73249848259866,31934000
2023-01-24,237.6554718017578,239.53087600789277,236.0844645730786,238.10714555670972,40234400
2023-01-25,236.25135803222656,238.89263116418337,226.7172477839659,230.23239799467638,66526600
2023-01-26,243.50750732421875,243.81188931119357,237.61619666314894,239.236301101992,33454500
2023-01-27,243.66461181640625,245.30435814766528,242.3587028258491,244.4795782533274,26498900
2023-01-30,238.31332397460938,241.1509711328646,237.81255301690885,240.08070505569438,25867400
2023-01-31,243.32095336914062,243.4584166890065,238.5489910046854,239.03993357311754,26541100
2023-02-01,248.17147827148438,250.55745205798294,241.02335538771501,243.50752368477993,31259900
2023-02-02,259.8067626953125,259.89512874467925,252.58990234951898,254.13146890622428,39940400
2023-02-03,253.67001342773438,259.4140470711342,252.44265709216836,254.83845905637355,29077300
2023-02-06,252.1186065673828,253.62088945397664,250.16466496034164,252.77648271728145,22518000
2023-02-07,262.71319580078125,263.90126847590375,255.36868388280342,255.81054419875986,50841400
2023-02-08,261.89825439453125,271.7465619102977,261.3876549048757,268.25105293927203,54686000
2023-02-09,258.8445739746094,269.0169203204388,258.0394209117732,268.84015820962117,42375100
2023-02-10,258.3339538574219,259.30601043512377,255.93815201976537,256.7923871898371,25818500
2023-02-13,266.40509033203125,269.6256724767286,262.3106160068339,262.79176011403075,44630900
2023-02-14,267.2396545410156,269.9889205644407,264.4019924983087,267.730597042681,37047900
2023-02-15,265.1036071777344,266.4915362093455,262.012751737167,264.11926290338346,28922400
2023-02-16,258.0458984375,262.56403597864954,257.79981231844084,259.8866178016932,29603600
2023-02-17,254.01991271972656,256.0181306443046,251.99216566482698,255.32910759019907,30000100
2023-02-21,248.7142791748047,251.49013738509277,247.65118549979454,250.49594000258844,28397400
2023-02-22,247.57244873046875,250.35814511839848,246.42076761233298,250.1120590242694,22491100
2023-02-23,250.78143310546875,252.8190182527777,246.55858711540606,251.559058591663,29219100
2023-02-24,245.3183135986328,247.0704454363902,244.21585267237742,246.0467338648536,24990900
2023-02-27,246.24359130859375,248.8619509386829,245.48564193779885,248.50758636453622,21190000
2023-02-28,245.51519775390625,247.55279803170498,244.8359976613067,245.17068619875465,22491000
2023-03-01,242.4145050048828,247.00153859615037,241.9420088680049,246.8342018468034,27565300
2023-03-02,247.17872619628906,247.46417946735576,241.76483192375827,242.69011807533903,24808200
2023-03-03,251.2932586669922,251.61809409992222,247.45432176855098,248.24180024051145,30760100
2023-03-06,252.84854125976562,256.0476605602481,251.97247534442963,252.41542732051573,24109800
2023-03-07,250.17112731933594,253.65571496313456,249.4230309703386,252.287461805782,21473200
2023-03-08,249.72817993164062,250.55502565152239,246.88342511783708,250.06285343446362,17340200
2023-03-09,248.3697967529297,255.49644089849014,247.6413764588662,251.8150022990688,26653400
2023-03-10,244.69813537597656,248.83237825364546,243.7236441737533,247.1491579844045,28333900
2023-03-13,249.94473266601562,253.87227229864152,241.8829494842542,243.52680285893817,33339700
2023-03-14,256.7071533203125,256.9827685172578,251.8543282071445,252.73039401598515,33620300
2023-03-15,261.2843933105469,262.3081199500826,255.15191657038366,255.90988102264944,46028000
2023-03-16,271.8759460449219,272.23029562382413,259.1582026765928,261.05798023414945,54768800
2023-03-17,275.0553283691406,278.89426524045854,271.9940319281041,273.90366232764774,69527400
2023-03-20,267.96807861328125,273.1358865548913,265.6253342067157,272.643714369976,43466600
2023-03-21,269.4938049316406,270.6947062847507,265.30048823245505,270.57658976474096,34558700
2023-03-22,268.0271301269531,276.6401431462095,267.9188366282979,269.1197379308607,34873300
2023-03-23,273.31304931640625,276.65981401873677,270.89157068422304,273.58866452624983,36610900
2023-03-24,276.1775207519531,276.2365790138879,270.9703303661151,272.8996370155353,28172000
2023-03-27,272.0531311035156,277.05358782445194,271.20657923339166,276.1086255385682,26840200
2023-03-28,270.9211120605469,271.8168690429862,267.79087413033056,271.4723425051547,21878600
2023-03-29,276.1184997558594,276.7386416296784,274.0513701897331,274.5927476771371,25087000
2023-03-30,279.60302734375,280.0066121706269,277.0732849525492,279.78023217395076,25053400
2023-03-31,283.7864990234375,284.7413143620683,278.5694853421409,279.288067620429,32766000
2023-04-03,282.7332458496094,283.7569423716875,279.5045974988717,282.0343397141944,24883300
2023-04-04,282.68402099609375,285.90284644844036,281.1976813612138,282.7332562405726,25824300
2023-04-05,279.88848876953125,282.6544941864627,278.490736515466,281.37485845642465,22064800
2023-04-06,287.0348205566406,287.5072866226031,277.614637849039,278.77615698093774,29770300
2023-04-10,284.85943603515625,285.06613994489004,280.25268148244174,284.68223121557776,23103000
2023-04-11,278.402099609375,281.5028083472433,277.230757468165,281.27639833215596,27276600
2023-04-12,279.0517578125,282.5166689965512,277.5457122252791,280.3314234347205,27403400
2023-04-13,285.3023986816406,285.3614569468839,278.7368378636827,279.1502457203857,24222700
2023-04-14,281.66033935546875,283.96370179651217,279.24868340268176,282.5068611754226,20987900
2023-04-17,284.2786865234375,287.0348692146032,281.6800326007046,285.3910006419592,23836200
2023-04-18,283.8553771972656,287.19231898396373,282.51668329191097,287.0052911530972,20161800
2023-04-19,283.93414306640625,284.52472565141113,280.08535300849246,281.51263430866226,17150300
2023-04-20,281.6307678222656,284.50506674858116,280.6168942704113,280.78424603946644,23244400
2023-04-21,281.2862548828125,281.78825008105144,278.6285130858529,280.54799661030216,21676400
2023-04-24,277.35870361328125,280.48894155472334,274.35646528671094,277.67370102270286,26611000
2023-04-25,271.1081237792969,277.19136442128627,271.05888853978684,275.1340884128389,45772200
2023-04-26,290.7458190917969,294.88007785035614,288.1471653314123,292.05501404925786,64599200
2023-04-27,300.0577087402344,300.42194142413604,290.62770202416357,291.336431237466,46462600
2023-04-28,302.44964599609375,304.09348419157374,298.5614739081994,299.25052694953416,36446700
2023-05-01,300.77630615234375,303.76872187468587,300.37272129835924,302.1642355165898,21294100
2023-05-02,300.6286315917969,304.33959922450805,299.1521149683054,302.9418469765617,26404400
2023-05-03,299.6344299316406,303.77851145251077,299.32928557023496,301.81967570546,22360800
2023-05-04,300.6286315917969,302.9418469765617,298.65008970357985,301.44562423928016,22519900
2023-05-05,305.78656005859375,307.08590178354325,299.50643842780966,300.93374972200786,28181200
2023-05-08,303.8179016113281,305.34365349819655,301.29798227952045,305.27474217870144,21318600
2023-05-09,302.1937255859375,305.18614092145225,301.51452555847186,303.1780699689536,21340800
2023-05-10,307.4205627441406,308.0997627072867,302.8532208601683,303.78832991159567,30078000
2023-05-11,305.2550048828125,306.2492022660023,301.46530325501186,305.24518186660805,31680200
2023-05-12,304.13287353515625,305.78656482552327,301.79998224342324,305.68812438304315,19758100
2023-05-15,304.615234375,305.04834834939237,302.77451500373724,304.26088478130237,16336500
2023-05-16,306.8595275878906,308.7986873456042,304.97942609367624,304.97942609367624,26730300
2023-05-17,309.75982666015625,310.1840128280389,306.54383920821226,308.07292647953415,24315000
2023-05-18,314.21875,314.73174727715974,309.48358041459244,310.28263990581155,27276000
2023-05-19,314.041259765625,314.4457269015129,312.09786065710466,312.462859507533,27529500
2023-05-22,316.84283447265625,318.2337976929915,313.7156584548846,314.29768758586613,24115700
2023-05-23,311.0028381347656,318.36209222067146,310.9929635378551,315.7084147228856,30797200
2023-05-24,309.6118469238281,312.22605590477934,308.3885711303924,310.47996842062906,23384900
2023-05-25,321.5188293457031,322.485576277812,315.67875905674543,318.8749968584438,43301700
2023-05-26,328.394775390625,328.8978680435936,319.5064338872772,319.6445277176384,36630600
2023-05-30,326.73736572265625,331.20619186335273,326.0566810034036,330.70309932273216,29503100
2023-05-31,323.9555358886719,331.4035709455312,322.9098221088515,327.8028654551653,45950600
2023-06-01,328.0888671875,329.0260505461007,320.3350221149729,321.5286739937124,26773900
2023-06-02,330.8708190917969,332.94246713059334,328.05929890382134,329.7363544841506,25864000
2023-06-05,331.40350341796875,333.98811839226124,330.14078960970863,330.6932250192304,21307100
2023-06-06,329.174072265625,330.8412533912164,327.68448335101743,330.8017851103892,20396200
2023-06-07,319.01318359375,329.9731432176181,318.1450620184974,327.17149729188003,40717100
2023-06-08,320.86773681640625,322.2291062754514,318.98352561929755,319.5655547159742,23277700
2023-06-09,322.37713623046875,325.53390634602147,320.0292702055803,320.6014248165846,22514900
2023-06-12,327.3687438964844,327.6153679268259,320.7690824361064,324.14288231211435,24260300
2023-06-13,329.7758483886719,332.42952577838406,325.9285189350578,329.95341049295934,22951300
2023-06-14,332.7846374511719,334.46169309865223,328.31581069541244,329.8251487359543,26003800
2023-06-15,343.39935302734375,345.1158468804941,332.6465498488754,332.92276759657176,38899100
2023-06-16,337.7072448730469,346.72383496475805,337.3324015901357,346.57586654973045,46533600
2023-06-20,333.4850769042969,337.4606559646964,331.3246475034231,334.7280719309583,26375400
2023-06-21,329.0556945800781,333.1693972869812,327.5858247663164,331.82774670017375,25117800
2023-06-22,335.1226501464844,335.52711724274883,328.8386735229286,329.6081394338645,23556800
2023-06-23,330.4959411621094,333.396242355337,328.9471650313448,329.8448500671527,23084700
2023-06-26,324.1626892089844,331.5712559275852,324.05415896146803,329.2135454326496,21520600
2023-06-27,330.05206298828125,331.61071384237505,324.85320839821026,327.37863643109444,24354100
2023-06-28,331.31475830078125,333.4160000459161,329.30229760192987,330.14082540190753,20259500
2023-06-29,330.5255432128906,331.57122678735186,328.1283646472187,330.19013811405165,16997000
2023-06-30,335.94146728515625,338.1018966475319,332.6465731689778,333.18913410608565,26823800
2023-07-03,333.4258728027344,336.29658063116784,332.0250649242067,334.60968039782284,12508700
2023-07-05,333.5837097167969,337.0364466828848,330.2099093118582,330.5650335205982,18172400
2023-07-06,336.66156005859375,338.3583347909345,330.9694876074592,332.7451687923729,28161200
2023-07-07,332.666259765625,337.17455476042386,332.4492293908837,334.7379078689779,21185300
2023-07-10,327.34906005859375,330.7031716252325,323.16632530270994,330.0816741278203,32791400
2023-07-11,327.9804382324219,328.36515614884536,322.5843020670204,326.5894747851635,26698200
2023-07-12,332.64654541015625,337.03643563123427,331.1372073615491,332.0546416428547,29995300
2023-07-13,338.0328369140625,339.0982397067737,334.4419758130588,334.97469226215384,20567200
2023-07-14,340.5779724121094,346.68438690739697,339.6605380799491,342.8962447343513,28302200
2023-07-17,341.06134033203125,342.30430506599646,337.5790099679338,341.0119974589969,20363900
2023-07-18,354.6355285644531,361.827094682559,337.5494363326708,341.15998612794135,64872700
2023-07-19,350.2850341796875,357.56538046892035,347.6807000395438,356.86497664298207,39732900
2023-07-20,342.1859436035156,353.13605781346064,340.70619925367106,348.79548040834504,33778400
2023-07-21,339.1278076171875,345.56962697471664,335.2410099540345,344.4351622996389,69368900
2023-07-24,340.4497375488281,342.2353236218042,337.68755983819176,341.17976531237275,26678100
2023-07-25,346.240478515625,347.1381937516986,340.41028183220885,342.42271258678073,41637700
2023-07-26,333.20880126953125,340.01564894257064,328.61172549409804,336.8292554681692,58383700
2023-07-27,326.2540283203125,336.7207386752654,324.6065664004519,335.8822409797451,39635300
2023-07-28,333.8007507324219,335.418619127257,328.67098799700807,329.16423615072927,28484900
2023-07-31,331.3838195800781,333.1397816268532,328.85836158947654,332.3703157885018,25446000
2023-08-01,331.79815673828125,333.96846060651745,329.1938222018752,330.66369203212577,18311900
2023-08-02,323.0774841308594,329.1247102537569,321.95286408661656,329.1247102537569,27761300
2023-08-03,322.2488708496094,325.42539000063243,321.5484669368351,321.597779707483,18253700
2023-08-04,323.353759765625,330.61438827280773,322.82104332790357,327.3984006637002,23727700
2023-08-07,325.6522521972656,326.638748415641,323.09723060433043,323.9357584110446,17741500
2023-08-08,321.6471252441406,324.3106774509486,318.63832339667346,322.54484054190954,22327600
2023-08-09,317.8786926269531,322.69276896492516,316.7146041895466,322.0614270294025,22373300
2023-08-10,318.5692443847656,323.8272865467836,316.842875851902,321.6175143529931,20113700
2023-08-11,316.6751708984375,318.05625962756983,314.8994595848591,315.9352987108156,24342600
2023-08-14,319.6642761230469,319.68399521148456,315.75772901793835,317.05006689482826,18836100
2023-08-15,317.5137023925781,320.7000964574307,316.5666743212441,318.63832268798944,16966300
2023-08-16,316.7425842285156,320.7167146880456,316.1494272765782,317.13801214006867,20698900
2023-08-17,313.2628173828125,318.19584684332114,312.600452163101,316.8810420771974,21257200
2023-08-18,312.8673400878906,314.74564524442695,307.9935939126714,310.90003574711136,24744800
2023-08-21,318.2056884765625,319.0855132833144,313.4209415411844,314.3007663479363,24040000
2023-08-22,318.779052734375,322.357724957099,317.7904679139887,321.7843590357293,16102000
2023-08-23,323.2672424316406,325.44214114565574,319.76764365334907,320.1235498834675,21166400
2023-08-24,316.3174743652344,329.1789720519846,316.30757886325165,329.0504512030628,23281400
2023-08-25,319.2931823730469,321.64598924403964,315.1608742969989,317.8004094240076,21684100
2023-08-28,320.0049133300781,322.42692799992096,318.0475045559713,321.9425310997952,14808500
2023-08-29,324.6611633300781,325.2246639510212,318.20570528498234,318.20570528498234,19284600
2023-08-30,325.0368347167969,326.0451804445671,322.72354969246516,324.91820935696705,15222100
2023-08-31,324.0185852050781,327.13262149789296,323.0497611758668,325.4421498250876,26411000
2023-09-01,324.9083251953125,328.20029972236824,323.0497807085255,327.52806921372286,14931200
2023-09-05,329.74249267578125,331.0276711915423,324.9083280364007,325.24444329366247,18553900
2023-09-06,329.08013916015625,330.64208999362666,326.41094792069816,329.5744315993732,17535800
2023-09-07,326.1440734863281,329.27787096965415,325.27411387921575,327.50832558209805,18381000
2023-09-08,330.4542541503906,332.32269403883413,325.699163331797,326.3219766279449,19530100
2023-09-11,334.0823669433594,334.5568985327326,331.60100931332755,333.39034548000865,16583300
2023-09-12,327.9828186035156,332.94553436993846,327.6961506893259,331.98660575990687,17565500
2023-09-13,332.22381591796875,333.0048063818992,327.38965178199726,327.52803797035625,16544400
2023-09-14,334.8337097167969,336.9690265009899,332.7280191029121,335.27855480966366,20267000
2023-09-15,326.4505310058594,333.5485638717136,325.88703033061086,333.074062392952,37666900
2023-09-18,325.30377197265625,326.62847222908215,322.6345804518513,324.0581452403847,16834200
2023-09-19,324.8984375,325.6300108774298,320.8057114985668,322.4467661344403,16505900
2023-09-20,317.1083679199219,325.827693989748,316.8513563606588,325.7486204721018,21436500
2023-09-21,315.8824768066406,321.636047161945,311.40418919733315,315.61556979110196,35529500
2023-09-22,313.3912658691406,317.78058463734965,312.5410672836234,317.65206379088204,21447900
2023-09-25,313.9152526855469,314.04377354761226,311.404238631424,312.9760849775433,17836000
2023-09-26,308.57684326171875,312.27414039183174,306.4810183520329,311.53270186557626,26297600
2023-09-27,309.219482421875,310.71222512078947,306.15486316727345,308.73505530094553,19410100
2023-09-28,310.0597839355469,311.87877653956156,305.9176107720618,307.4400098031896,19683600
2023-09-29,312.1456604003906,315.82319717862225,311.38446094140835,314.12283006246753,24140300
2023-10-02,318.1265563964844,318.2155555717482,311.58213026261114,312.669579507487,20570000
2023-10-03,309.8126525878906,317.72133220387497,307.65751446392886,317.167696875075,21033500
2023-10-04,315.31903076171875,316.38671934680445,310.4156581127954,310.4453144529802,20720100
2023-10-05,315.71441650390625,316.327364401189,311.3053368933147,315.4475094779053,16965600
2023-10-06,323.5242919921875,325.4322535375942,312.6893801694388,312.9365263852443,25645500
2023-10-09,326.0550537109375,326.5295551178962,319.49083600200555,321.0429214154338,19891200
2023-10-10,324.64141845703125,327.3204751601556,323.92963610326484,327.1820587892371,20557100
2023-10-11,328.6253967285156,329.020824643838,325.3828395521265,327.42918731045415,20063200
2023-10-12,327.3797607421875,329.82156651499986,324.9676113079431,326.7964993042076,19313100
2023-10-13,323.9889221191406,330.01926553838706,322.63453553932317,328.58583561463803,21072400
2023-10-16,328.8428955078125,332.3029426566613,326.82617386510276,327.2710189684246,22158000
2023-10-17,328.26953125,329.65354421009977,323.67261705395947,325.8277251039162,18338500
2023-10-18,326.34173583984375,331.759191769858,324.55239964479256,328.6945726494821,23153600
2023-10-19,327.5379333496094,333.0344625947889,327.1326099487148,328.35844548463956,25052100
2023-10-20,322.9410095214844,328.13107971555456,321.7349348600938,327.93335068809495,25012600
2023-10-23,325.560791015625,328.9318691915997,320.68707463176605,321.7547330640911,24374700
2023-10-24,326.7569274902344,328.0519711439017,323.86038131335783,327.5181269130942,31153600
2023-10-25,336.78118896484375,342.24806157017446,333.765987296064,341.08150860571766,55053800
2023-10-26,324.1470947265625,337.7302406507204,323.20792706940125,336.6526868052071,37828500
2023-10-27,326.0451965332031,332.876322086507,324.65128814798715,326.6581143687127,29856500
2023-10-30,333.45953369140625,335.5751196269722,328.0420781717034,329.60405903742685,22828100
2023-10-31,334.2503967285156,335.1302516935357,330.86945356194263,334.9819700053902,20265300
2023-11-01,342.11956787109375,343.45416345864317,335.7728398301243,335.9112561909914,28158800
2023-11-02,344.3438415527344,344.84799925166664,340.8343476478999,343.27615314598364,24348100
2023-11-03,348.7727355957031,350.34461211282445,343.36517506433484,345.6389384028993,23624000
2023-11-06,352.46014404296875,353.4586243635472,349.31645156155355,349.4153160772212,23828300
2023-11-07,356.4145202636719,358.3224819200667,353.54763002740117,355.29741447617323,25833900
2023-11-08,359.0540466308594,359.7163816170377,356.4342725186346,357.55137827923454,26767800
2023-11-09,356.5726623535156,360.62586616316025,356.2464124670446,358.1642694379123,24847300
2023-11-10,365.4501953125,365.8752795812783,356.94835909084804,357.3635478564213,28042100
2023-11-13,362.4942932128906,364.2638685791425,361.7231982203745,364.0167223614231,19986500
2023-11-14,366.0433349609375,367.7041805891428,363.1566838302052,366.77490833178183,27683900
2023-11-15,366.1919250488281,369.6193627244979,363.6559833296178,367.7867626439103,26860100
2023-11-16,372.63079833984375,372.8090975451965,366.6971350089113,367.469795129225,27182300
2023-11-17,366.3702087402344,370.84767066024057,363.5470174090878,370.09481157714856,40157000
2023-11-20,373.8887939453125,375.3053322916461,367.5093833628424,367.7273146646205,52465100
2023-11-21,369.5599670410156,372.6803241260398,367.628301581954,372.1355109096135,28423100
2023-11-22,374.294921875,376.21667138013174,371.44201414653855,374.44350452118096,23345300
2023-11-24,373.8788757324219,374.4138035112927,371.61044336899096,373.7798105540461,10176600
2023-11-27,375.04779052734375,377.05872006421737,372.6604918874323,373.23502159050327,22179200
2023-11-28,379.09930419921875,379.39646949829165,374.60201121374763,374.7902259799763,20453100
2023-11-29,375.2855529785156,380.68425789892774,373.88881549531266,380.1493603159181,28963400
2023-11-30,375.3449401855469,376.51383062398844,371.937303812454,374.9288785524772,30554400
2023-12-01,370.98638916015625,374.6020416682448,367.8164846369156,373.21521977574577,33020400
2023-12-04,365.6668701171875,366.04326940024094,359.48556013374906,365.62723800249125,32063300
2023-12-05,369.01507568359375,369.5698044164444,362.1800014727598,363.002209215325,23065000
2023-12-06,365.3301086425781,370.659495392555,364.56736412162047,370.02553259484574,21182100
2023-12-07,367.45989990234375,367.95519561310016,362.8734567838674,364.76549002661096,23118900
2023-12-08,370.70904541015625,370.93686209382787,364.7654967711825,365.72637167703465,20144800
2023-12-11,367.80657958984375,368.10377515204266,362.6555223800224,365.01313478005966,27708800
2023-12-12,370.85760498046875,370.8972371001198,366.97447347680867,367.36081862489453,24838300
2023-12-13,370.84765625,374.0869091144722,367.2815215613571,372.48212583174757,30955500
2023-12-14,362.4870910644531,370.24343838413614,360.70403869901645,369.79766017755225,43277500
2023-12-15,367.2419738769531,368.8962446456856,362.83382989546425,363.3984742691784,78478200
2023-12-18,369.14385986328125,369.4905728812435,365.2112110016812,365.9739856872879,21802900
2023-12-19,369.74810791015625,369.74810791015625,366.36027245806446,367.9947420109948,20603700
2023-12-20,367.1329650878906,372.4920679743351,367.0438154931247,371.47176008252643,26316700
2023-12-21,370.0255126953125,370.88732235937965,366.5584428639484,369.0547222595686,17708000
2023-12-22,371.05572509765625,371.65008600262695,369.20332395768446,370.16419885542587,17091100
2023-12-26,371.13494873046875,373.393495737859,369.98585916804944,371.47174615266005,12673100
2023-12-27,370.5505065917969,371.53118233613856,369.3023518404904,370.17407704899347,14905400
2023-12-28,371.7491149902344,372.9180055102288,370.6396575319042,371.83826458273074,14327000
2023-12-29,372.5019226074219,373.61137991245073,369.9660115586576,372.4622904949725,18723000
2024-01-02,367.3806457519531,372.3633195298243,363.3192147660882,370.34250450989776,25258600
2024-01-03,367.1131286621094,369.7481050532778,365.0427965470012,365.5380921792409,23083500
2024-01-04,364.4781494140625,369.58960392636413,363.7154050293527,367.18247442785434,20901500
2024-01-05,364.2899475097656,368.5593935584056,363.0517083951845,365.4984700948147,20987000
2024-01-08,371.1647033691406,371.66991466952265,365.53815133170025,365.8254010789615,23134000
2024-01-09,372.25433349609375,372.4524336286839,367.6976072202341,368.509899386066,20830000
2024-01-10,379.16864013671875,380.5554922110054,372.7793440678221,372.8288615431399,25514200
2024-01-11,381.01116943359375,387.00423522356067,376.8011560453087,382.3682747948277,27850800
2024-01-12,384.8150329589844,385.0230486833725,381.03096664819185,381.8630597761942,21645700
2024-01-16,386.5980529785156,390.32268591338345,383.9729920985464,389.95617197189966,27202300
2024-01-17,385.8056335449219,386.4395963207224,381.1894739959276,384.32966203351646,22234100
2024-01-18,390.1642150878906,390.2830812145117,386.4494974787357,388.0344497047316,23392100
2024-01-19,394.9190673828125,394.9190673828125,389.7976967944334,392.0364429224476,29272000
2024-01-22,392.7793884277344,396.85070439221124,389.8868483654438,396.25634353223927,27016900
2024-01-23,395.1468811035156,395.6223758316309,390.22364091426874,392.02652441578425,20525900
2024-01-24,398.7724609375,401.81358370975624,396.68232764982235,397.7620686193911,24867000
2024-01-25,401.0606994628906,403.18057938018296,398.7427194215606,400.5158863337274,21021200
2024-01-26,400.1295471191406,402.34849224643625,398.6436601299057,400.5654097210854,17803300
2024-01-29,405.8650817871094,406.1226452071924,400.52577999660826,402.23951388406,24510200
2024-01-30,404.7457275390625,409.16375662074074,402.6258777098208,408.3812111979871,33477600
2024-01-31,393.8393249511719,411.41243736511643,393.47281096125835,403.1310773427729,47871100
2024-02-01,399.9809875488281,404.161284395668,398.01960572688716,398.0493222591689,30657700
2024-02-02,407.3509826660156,408.7675210638453,399.7630491761005,400.0106970175581,28245000
2024-02-05,401.8333740234375,407.29154202131053,400.18898875911304,406.0433872498531,25352300
2024-02-06,401.67486572265625,404.13154308563696,399.11915341177513,402.0612108490808,18382600
2024-02-07,410.1543273925781,410.4019752246544,403.5669011054383,403.60653322309605,22340500
2024-02-08,410.2137756347656,411.65014520614363,408.6486545795197,410.1543425713037,21225300
2024-02-09,416.5931701660156,416.8606491715924,411.18454998916735,411.34304822902254,22032800
2024-02-12,411.35296630859375,416.78138746189904,410.847755055397,416.6030882773996,21202900
2024-02-13,402.4970703125,406.21178774325523,399.59464501524405,401.1300494611104,27824900
2024-02-14,406.3873596191406,406.73471379055,401.50465451788693,404.97813565927675,20401200
2024-02-15,403.4795837402344,406.03011869599004,401.22679392364836,405.0476293953427,21825500
2024-02-16,400.9985046386719,405.19646556123695,400.38320711756694,404.86894895397035,22281100
2024-02-20,399.7381591796875,401.4252604899609,394.9943773768075,400.1847314590158,24307900
2024-02-21,399.1327209472656,399.2419032387698,394.21031077919827,397.1379710817067,18631100
2024-02-22,408.5309753417969,409.7020273662852,405.4743254278806,407.08204605240707,27009900
2024-02-23,407.2309265136719,412.7090915973696,405.87131159465224,412.5205590554713,16295900
2024-02-26,404.4521789550781,409.0371695148512,404.27351975281573,408.34246112673543,16193500
2024-02-27,404.3926086425781,405.2262404801438,400.7901076502163,404.89872387010075,14835800
2024-02-28,404.6307678222656,406.1987830728558,402.24895832016676,405.0872739909664,13183100
2024-02-29,410.50592041015625,411.0616749432697,402.8444125906921,405.5438047313932,31947300
2024-03-01,412.3518371582031,412.71902889421233,407.76684684717014,408.153876143975,17800300
2024-03-04,411.7762756347656,414.18785690698894,409.1959690810067,410.30747829521556,17596000
2024-03-05,399.59918212890625,411.1112969231929,397.6044321579871,410.8234857245891,26919200
2024-03-06,399.0434265136719,402.09017289690905,395.37147897743796,399.9167637441042,22344100
2024-03-07,406.0400695800781,406.6752047214003,399.1923248157397,403.04293193355477,18718500
2024-03-08,403.14215087890625,407.3103404061873,401.2664565057241,404.8689575439801,17971700
2024-03-11,401.45501708984375,402.6062316222378,398.21973809181884,400.70079606171487,16120800
2024-03-12,412.13348388671875,412.4212950799544,403.70782104780903,404.5315189350478,22457000
2024-03-13,411.95489501953125,415.0115452878592,408.3325562328795,414.9321647542621,17115900
2024-03-14,421.9981994628906,424.5785058716351,414.8229687362819,417.05592096351893,34157300
2024-03-15,413.264892578125,419.39806083838096,409.6623914264508,416.1131423873529,45049800
2024-03-18,414.1580505371094,417.54221722990445,410.6448639845401,411.111304092611,20106000
2024-03-19,418.21710205078125,418.4751417976777,412.40148582557026,414.66420971411236,19837900
2024-03-20,422.00811767578125,422.7325672103819,417.472736496582,418.8025799169323,17860100
2024-03-21,426.11676025390625,427.55578606152034,423.9235133811952,426.57326646256405,21296200
2024-03-22,425.4915466308594,426.6030558566972,422.8417934382558,426.4442947841674,17636500
2024-03-25,419.65606689453125,424.1716107025241,418.41553787360243,422.0180389961963,18060500
2024-03-26,418.4552307128906,422.76234370981615,418.1575158713517,422.3852180529654,16725600
2024-03-27,418.23687744140625,421.2340147133464,415.83523039825434,421.2240807902947,16705000
2024-03-28,417.5323181152344,418.673598815045,415.9444348307196,417.7704900076875,21871200
2024-04-01,421.3531188964844,424.64797113919235,419.0209183546172,420.7378213676411,16316000
2024-04-02,418.2468566894531,419.17973696688534,414.6741269340057,416.9269168072685,17912000
2024-04-03,417.2643127441406,420.05301928726703,415.9146015526027,416.54976688658525,16502300
2024-04-04,414.71380615234375,425.4220608182633,414.4061573873391,421.76992047315406,19370900
2024-04-05,422.2959289550781,423.2784485638512,415.1504997519638,416.8276974614869,16544300
2024-04-08,421.3729553222656,424.0425761054586,420.09272093696904,421.9485777283347,14272400
2024-04-09,423.0501403808594,424.49906970382636,418.42544485426635,423.2089317196758,12512300
2024-04-10,420.05303955078125,420.8171944866389,416.5200154975315,418.9911394928746,16216600
2024-04-11,424.6876525878906,426.1167444183971,419.15984809671994,422.5936541739285,17966400
2024-04-12,418.703369140625,421.9585162359949,416.58950274190113,420.8370731015467,19232100
2024-04-15,410.50592041015625,423.5860500706515,410.2974897454758,423.3677157693319,20273500
2024-04-16,411.4388122558594,415.2298762897989,410.59527673352017,411.4289086182102,16765600
2024-04-17,408.7195739746094,415.70624190109544,407.22100522560083,414.0885872118868,15855500
2024-04-18,401.2069396972656,408.769230365435,400.8893872722647,407.5187673684452,21029900
2024-04-19,396.095947265625,402.4077746386735,394.7561698730406,400.9687488676842,30276500
2024-04-22,397.9219970703125,399.7976914523607,392.7514806878664,397.04865981007964,20286900
2024-04-23,404.48193359375,405.10716505974153,400.0060952402287,401.1771473553241,15734500
2024-04-24,405.96063232421875,409.3447990752087,403.6979086365787,406.45684392489727,15065300
2024-04-25,396.01654052734375,396.8601062584313,385.0899520019121,391.0444908759172,40586500
2024-04-26,403.2414245605469,409.87080464048637,402.6856699602139,409.04710666417816,29694700
2024-04-29,399.2022399902344,403.24140976178137,396.1654273618807,402.1795096483343,19582100
2024-04-30,386.3800964355469,399.11290256766176,386.221335381575,398.4479657229549,28781400
2024-05-01,391.9476318359375,398.6762601059751,387.35270744745037,389.635268755834,23562500
2024-05-02,394.82562255859375,396.8997833087663,391.6597902856064,394.6469936602289,17709400
2024-05-03,403.57879638671875,404.0650740320478,398.8151471589616,399.23197820235123,17446700
2024-05-06,410.4067077636719,410.7937370714025,403.29101993493754,405.66292597330005,16996600
2024-05-07,406.238525390625,411.52815821970637,405.99041958064737,411.5182242956741,20018200
2024-05-08,407.4294128417969,409.1066104061556,403.6284151762591,405.07737479693975,11792300
2024-05-09,409.1959533691406,409.59291660377954,406.00034935781423,407.45921271703617,14689700
2024-05-10,411.5975646972656,412.23273004632824,408.6798382335046,409.8112151541409,13402300
2024-05-13,410.5853271484375,415.18025140614657,407.7073059282806,414.84283115281045,15440200
2024-05-14,413.40380859375,414.3267549073316,408.43175863614476,408.8981987547859,15109300
2024-05-15,420.6317443847656,421.35753100749633,414.85536761085484,415.48172683662517,22239500
2024-05-16,418.5538024902344,422.95818999519196,417.91752182390434,419.3591127494367,17530100
2024-05-17,417.7783203125,420.4726599302369,415.6109428181483,420.09485405964773,15352200
2024-05-20,422.878662109375,424.30037978174784,417.55961512858175,417.778343258253,16272100
2024-05-21,426.5572509765625,430.46450167288947,422.39149513236316,424.36001790160714,21453300
2024-05-22,428.0286865234375,429.9077641693655,424.6583193119375,427.60118209872775,18073700
2024-05-23,424.529052734375,431.09086617504613,422.95820916796526,430.4645069803894,17211700
2024-05-24,427.6707763671875,428.565562226306,421.95405016489985,424.71796179341015,11845800
2024-05-28,427.8298645019531,428.3269711402922,424.13138989907134,427.14385491376675,15718000
2024-05-29,426.6865234375,428.44627000677747,423.22665032702537,423.22665032702537,15517100
2024-05-30,412.2704162597656,421.84466424386284,411.84288150879064,421.84466424386284,28424800
2024-05-31,412.7277526855469,414.3383733012913,402.1692127903504,414.3383733012913,47995300
2024-06-03,411.1270446777344,414.02020882309534,406.553688084388,413.1254229827006,17484700
2024-06-04,413.6623229980469,414.03017705380546,407.30928563189894,410.04337212748766,14348900
2024-06-05,421.5563659667969,421.6259378345122,413.89096003424896,415.39223173706347,16988000
2024-06-06,422.0633850097656,422.848821948627,418.14618249774657,421.5563568996983,14861300
2024-06-07,421.3973083496094,423.81323935854607,420.55222098628695,423.73371564550735,13621700
2024-06-10,425.3940124511719,425.6027887352665,421.4370631899479,422.24237348386436,14003000
2024-06-11,430.1761779785156,430.3153823959729,422.78918087724,423.01786084549974,14551100
2024-06-12,438.5076904296875,440.8341457768561,430.7428874309175,432.8009161252906,22366200
2024-06-13,439.0246887207031,440.8242426789463,436.8274858579273,438.2989324414096,15960600
2024-06-14,440.00897216796875,440.5756810111054,434.19281849694386,435.74378876375306,13582000
2024-06-17,445.775390625,448.3305259626429,438.16966532085047,440.0288392462003,20790000
2024-06-18,443.75714111328125,447.53516969127554,442.3155500964385,447.10763493198164,17112500
2024-06-20,443.120849609375,443.946033241849,438.7164619327626,443.7173532757514,19877400
2024-06-21,447.17724609375,447.97260457820744,443.9261796037789,444.79114029939626,34486200
2024-06-24,445.0794677734375,450.13005783321864,443.82674934456685,447.197116551364,15913700
2024-06-25,448.3404541015625,448.80773551860256,444.1647465305247,445.65606632861267,16747500
2024-06-26,449.54345703125,450.9751265075422,445.59642930053803,446.4017395883299,16507000
2024-06-27,450.2294921875,453.5302875755873,449.1557248487335,449.56335593650766,14806300
2024-06-28,444.3636474609375,452.74485831487965,443.82676378238773,450.4482280145607,28362300
2024-07-01,454.0870361328125,454.72331684606445,443.0810879907853,446.0637277902953,17662800
2024-07-02,456.62225341796875,456.9304570935814,450.48794440717063,450.57745029839504,13979800
2024-07-03,458.1036376953125,458.3521910129211,455.23037712106725,455.5385808076234,9932800
2024-07-05,464.8543395996094,465.6397765538939,456.3140515175161,456.95033221316646,16000300
2024-07-08,463.5419921875,464.99356542878803,461.77229375422786,463.8501958785038,12962300
2024-07-09,456.8807678222656,464.6256672353131,455.3496709136752,464.29759021110544,17207200
2024-07-10,463.55194091796875,463.7607172108967,456.20469022907776,458.55104934272356,18196100
2024-07-11,452.06878662109375,462.0904430463112,448.93699054354346,460.3008712942663,23111200
2024-07-12,450.9254150390625,453.71915189160546,448.0422026334216,451.70090017355875,16324300
2024-07-15,451.3330383300781,454.6139602586164,448.8176800220224,450.67685394437046,14429400
2024-07-16,446.9187316894531,451.67106983710227,444.07529634239484,451.5915461266938,17175700
2024-07-17,440.9534606933594,442.2757813397234,436.63857872187197,440.0288496296795,21778000
2024-07-18,437.8216857910156,442.07691730431753,431.886231451246,441.7687136228689,20794800
2024-07-19,434.5805358886719,438.58724438350157,429.5001207828966,430.59376141790096,20940400
2024-07-22,440.3768615722656,442.02725936629844,436.37018300454787,439.2335222934249,15808800
2024-07-23,442.2757873535156,445.7953108894537,440.53591409904936,441.33127259326983,13107100
2024-07-24,426.4180908203125,438.92531149244144,425.11567378635556,437.90127297701764,26805800
2024-07-25,415.97882080078125,427.3128458662045,415.0939867790631,426.31863260886945,29943800
2024-07-26,422.8090515136719,426.4379540941027,414.8553456338981,415.7799870015666,23583800
2024-07-29,424.2606201171875,429.6492388018038,422.2423684855505,429.0825299821325,15125800
2024-07-30,420.4726867675781,426.5671885866718,414.9448331085773,425.2448982961915,32687600
2024-07-31,415.9291076660156,419.3392517370681,409.82462391670987,418.0666600260145,42891400
2024-08-01,414.6962585449219,424.98637136355273,410.6995323530128,418.3549862264431,30296400
2024-08-02,406.1261901855469,412.59852862073603,402.0002109675361,410.1030434734576,29437900
2024-08-05,392.86334228515625,398.71927263220283,383.34871462184185,386.9179667314658,40709200
2024-08-06,397.29754638671875,403.3225066578681,396.1939842314513,397.6853041219084,24946500
2024-08-07,396.1243591308594,407.7069368759002,395.16992295159474,406.27529777749277,20650900
2024-08-08,400.3597412109375,403.51138026295973,397.62565473832814,400.11118789524573,20203000
2024-08-09,403.6704406738281,405.68869229684987,399.93221959838144,401.6919660750819,19276700
2024-08-12,404.4559020996094,406.39463013243375,401.9007666876047,404.7044554196647,16762900
2024-08-13,411.6142272949219,412.5487901543895,407.19991814538804,407.21979148714996,19414300
2024-08-14,414.4477233886719,415.30276256625774,410.0632696291805,412.3996465083127,18267000
2024-08-15,419.34808349609375,419.42775054091777,415.991550712489,418.1229861127925,20752100
2024-08-16,416.7983093261719,419.6568394696199,415.6329698343419,418.919805326896,22775600
2024-08-19,419.8460998535156,420.06522222853687,414.7963458443911,417.2863590170559,15234000
2024-08-20,423.10302734375,424.15879050030776,419.9556774327427,420.015435317403,16387600
2024-08-21,422.4456787109375,424.69662989295495,420.03533264675815,422.38589043229285,16067300
2024-08-22,413.8899841308594,425.0851042062188,412.953736731063,422.66478826233237,19361900
2024-08-23,415.1250305175781,417.58516466451346,410.44379375355777,415.3142739439322,18493800
2024-08-26,411.83819580078125,415.6130641605339,409.6967906199474,414.70669574720716,13152800
2024-08-27,412.1867980957031,412.70470986954564,408.6111429903849,411.21070203411466,13492900
2024-08-28,408.95977783203125,413.3421950254565,405.68291191971673,413.22267925405737,14882700
2024-08-29,411.4696960449219,420.3640158924635,408.95977368399144,413.2824329478728,17045200
2024-08-30,415.4736328125,415.822210323597,410.48363692465733,413.93977626013776,24308300
2024-09-03,407.80438232421875,418.20267931936957,405.4040060811421,416.2405478075573,20313600
2024-09-04,407.26654052734375,409.5971891641853,402.7546379619835,404.2884945573242,15135800
2024-09-05,406.7585754394531,411.44975138862225,404.50759397621573,405.9916319874654,14195500
2024-09-06,400.0953063964844,409.0095348193582,399.19887738785627,407.4258901774711,19609500
2024-09-09,404.0992431640625,407.01753119323797,400.5434971977151,405.6131601713445,15295100
2024-09-10,412.5453796386719,414.66684525245614,406.0713456246143,406.56934824108026,19594300
2024-09-11,421.3500671386719,422.29625388353406,407.9438146629927,413.84017908445105,19266900
2024-09-12,425.29425048828125,425.6627675750461,418.07321227741465,421.6189886086143,17418800
2024-09-13,428.8699035644531,430.10494036688726,423.76039168984255,424.12890877471926,15874600
2024-09-16,429.6169128417969,431.79816683164466,426.50938123863534,428.87987866290234,13834700
2024-09-17,433.41168212890625,440.08492951868885,430.5431821213062,438.47140586333086,18874200
2024-09-18,429.0890197753906,434.28816840172493,428.6906237541022,433.2622842089649,18898000
2024-09-19,436.93756103515625,439.73633345516527,435.1547030637013,439.46742297057807,21706600
2024-09-20,433.53118896484375,437.4853309751932,432.4853956233,435.47341133704515,55167100
2024-09-23,431.77825927734375,434.7164566201473,428.6707276626035,432.5451724016005,15128900
2024-09-24,427.4555969238281,431.6188916752313,424.39785343692114,431.27028375011014,17015800
2024-09-25,430.3838195800781,431.38979462226376,426.8579828341436,428.11292879639643,13396400
2024-09-26,429.5870361328125,433.56108748494046,427.41575191106693,433.3519348863203,14492000
2024-09-27,426.3101501464844,430.1248672217253,425.762359424982,429.7961684722898,14896100
2024-09-30,428.5810546875,428.7006008520287,423.67075601092984,426.49940732473704,16807300
2024-10-01,419.00946044921875,426.7683500314763,417.1369656739266,426.73847108913304,19092900
2024-10-02,415.4636535644531,421.13092557899313,415.0453180067373,420.89186366215563,16582300
2024-10-03,414.87603759765625,417.8739927473743,412.63502577299244,415.9616796785687,13686400
2024-10-04,414.39794921875,418.07321108796054,413.3123071245128,416.5692334072243,19169700
2024-10-07,407.90399169921875,415.4437282135342,407.3661403625253,414.3381769946468,20919800
2024-10-08,413.0533447265625,413.99956190900485,406.5394920239681,409.25856700863125,19229300
2024-10-09,415.7923278808594,418.70067647812056,412.6449477589923,414.19871346026423,14974300
2024-10-10,414.1788330078125,415.68281071093077,411.49957636636015,413.57128437543724,13848400
2024-10-11,414.6568908691406,415.4636526469778,411.59914761969196,414.47761722865823,14144900
2024-10-14,417.4656677246094,422.3460875183581,415.8521136383557,416.10111495840073,16653100
2024-10-15,417.0672302246094,420.7923105426525,413.60115139482065,420.4934907291295,18900200
2024-10-16,414.45770263671875,414.6967341717602,408.84024879356656,413.51151588006746,15508900
2024-10-17,415.0552978515625,420.81220682616237,413.9298070859751,420.6727515049861,14820000
2024-10-18,416.48956298828125,417.97360109842316,414.5971590742364,415.47364856596283,17145300
2024-10-21,417.1070861816406,417.2863598354636,412.09718088424023,414.457708513249,14206100
2024-10-22,425.8022155761719,428.85992860317606,416.3700446113444,416.8182287379404,25482200
2024-10-23,422.9038391113281,429.3579337373482,420.8421009299413,429.13881136450993,19654400
2024-10-24,423.0333251953125,424.27833177082186,420.71261591698874,423.6309040350223,13581600
2024-10-25,426.43963623046875,430.79217425375066,424.8659613297776,425.0552047565001,16899100
2024-10-28,424.8858642578125,430.21449827781026,424.5970142324742,429.9356180313113,14882400
2024-10-29,430.2244873046875,431.43961494644003,424.09903059516625,426.29025434116863,17644100
2024-10-30,430.8021545410156,436.7483071680008,430.3738795735308,435.69254402246366,29749100
2024-10-31,404.72674560546875,414.4975548257246,404.67692710480617,413.70073237613923,53971000
2024-11-01,408.7306823730469,413.8401943287888,405.8721520793777,407.37612978056814,24230400
2024-11-04,406.82830810546875,408.78050033889826,403.9498686523884,408.1629515330161,19672300
2024-11-05,409.8163146972656,413.24257521436044,406.4498120639611,406.73866209939297,17626000
2024-11-06,418.50146484375,418.77040570560524,408.8800507986786,410.77248502778195,26681800
2024-11-07,423.7304992675781,425.14484007349097,418.2026823789465,419.5970836269586,19901800
2024-11-08,420.85205078125,424.7962229099081,420.095077093531,423.6209440547306,16891400
2024-11-11,416.34014892578125,423.11297221775334,414.3381687204943,420.83211176857736,24503300
2024-11-12,421.340087890625,422.744458901271,415.533390819855,416.57918414479684,19401200
2024-11-13,423.5014343261719,427.6149103778975,416.5393371261829,419.9556581526565,21502200
2024-11-14,425.1846923828125,426.4595778768523,418.3222016749388,423.30222788535474,30246900
2024-11-15,413.3421936035156,421.1110226744225,411.98764100476023,418.14294637599176,28247600
2024-11-18,414.0991516113281,416.72858966014985,410.45376875637714,413.21269235073834,24742000
2024-11-19,416.12103271484375,416.27042741990954,409.9059394231008,411.4597051471197,18133500
2024-11-20,413.8302001953125,415.62302783332285,408.93981090505724,415.2046922657536,19191700
2024-11-21,412.0437927246094,418.9399686403921,409.4689690149979,418.6605301722443,20780200
2024-11-22,416.16552734375,416.56472079906104,410.2374116400306,410.5467888521348,24814600
2024-11-25,417.95196533203125,420.23736087052777,414.0198472532827,417.54278213072394,27691100
2024-11-26,427.133544921875,428.18146205416855,418.01185069672323,418.75036014607525,23458900
2024-11-27,422.1435546875,426.37509083138485,421.17549451394376,424.2593075311874,18332400
2024-11-29,422.61260986328125,424.0297817162198,416.9639323784013,419.24935840992123,16271900
2024-12-02,430.1175842285156,432.13353107658475,420.4669212999132,420.72641076442574,20207200
2024-12-03,430.3371276855469,431.60457529422956,426.88402964452257,428.9798333762607,18302000
2024-12-04,436.544677734375,438.79017518476684,431.7642546343851,432.1634480898198,26009400
2024-12-05,441.7342529296875,443.770179142923,435.2971785217715,437.0436765362191,21697800
2024-12-06,442.682373046875,445.2073090094776,440.88595677867977,441.4148949698492,18821000
2024-12-09,445.12744140625,447.4328163406456,439.6184986530788,441.7143023543043,19144400
2024-12-10,442.4428405761719,448.7202622082635,440.71632196493806,443.500747434082,18469500
2024-12-11,448.0915222167969,449.4488165759074,443.1614051498909,443.1614051498909,19200200
2024-12-12,448.6603698730469,455.24716851093444,448.2112581986308,448.2112581986308,20834800
2024-12-13,446.37493896484375,450.5266178755225,444.6883184556146,447.5426110314286,20177800
2024-12-16,450.6863098144531,451.27512549789225,444.38893932865295,446.37494735046533,23598800
2024-12-17,453.5505676269531,454.3789237624039,448.67036888572403,450.10748972576295,22733500
2024-12-18,436.5147399902344,451.7441820228141,436.1454548251872,450.4168569277278,24444500
2024-12-19,436.15545654296875,442.29314366547726,435.4468858542376,440.73626782337294,22963700
2024-12-20,435.726318359375,442.85201454579715,427.7722660445124,432.2432815476765,64263700
2024-12-23,434.3790283203125,436.7742196281346,431.96385754199804,435.86603695951885,19152500
2024-12-24,438.4508361816406,438.7203153724094,433.32113775673025,433.7802087154167,7164500
2024-12-26,437.2332763671875,440.0576302640168,435.7562575113133,438.20133650274425,8194200
2024-12-27,429.66845703125,434.3490742197977,425.49682901810996,433.73031978660106,18117700
2024-12-30,423.9798583984375,426.6944166190143,421.05572893712207,425.2074080072107,13158700
2024-12-31,420.6565246582031,425.8760697244736,419.81820926028456,425.24732556190753,13246500
2025-01-02,417.74237060546875,425.2174031564215,414.01985416103116,424.67847521686525,16896500
2025-01-03,422.5028381347656,423.1814700735548,418.7004647827294,420.2373611517797,16662900
2025-01-06,426.99383544921875,433.450889550372,424.6285829292995,427.1435291929144,20573600
2025-01-07,421.5247802734375,429.7882097463078,419.957914728963,428.1415176926379,18139100
2025-01-08,423.7104187011719,426.11559975123726,420.69647292951623,422.61261379874435,15054600
2025-01-10,418.11163330078125,423.86008600637365,414.1894746460312,423.7802594986814,20201100
2025-01-13,416.35516357421875,417.66253969684465,411.4649750549722,414.4090535363967,17604800
2025-01-14,414.8382263183594,418.9000587938386,409.89811945983064,416.9739281792526,16935900
2025-01-15,425.4569091796875,427.29322350331137,417.4329894853562,418.29128437786517,19637800
2025-01-16,423.7303466796875,428.6305247845027,423.5407549144398,427.84212760615685,15300000
2025-01-17,428.1714782714844,433.61058460419247,427.31321381371214,433.22135040368397,26197500
2025-01-21,427.64251708984375,430.03770829379437,424.7483264493822,429.33912735658424,26085700
2025-01-22,445.30712890625,446.37496460039233,435.1275277712005,436.68440364505375,27803800
2025-01-23,445.8160705566406,445.85599903960934,440.61650492666485,441.1155043659929,18389300
2025-01-24,443.17138671875,445.7562002010948,440.5167060042179,444.2691915941594,15549500
2025-01-27,433.6903991699219,434.32913308449037,422.6525337820519,423.16152296669173,35647800
2025-01-28,446.30511474609375,447.4827461239755,430.51676503368185,433.73032267022137,23491700
2025-01-29,441.44482421875,445.98573732495043,439.51869372032735,445.79611510422404,23581400
2025-01-30,414.1595458984375,422.0137922192137,412.33322134699057,417.9319804505241,54586300
2025-01-31,414.22943115234375,419.84816997012905,414.0797374049759,418.141600337115,34223400
2025-02-03,410.09771728515625,414.57872255523336,407.8422300476431,410.7763492208031,25679100
2025-02-04,411.5447998046875,413.09171636714575,408.9200578355856,411.86416676091864,20532100
2025-02-05,412.4629821777344,413.0018796658512,409.5787506797878,411.5248607564065,16316700
2025-02-06,414.9879150390625,417.36315732347487,413.1715497090401,413.1715497090401,16309800
2025-02-07,408.9300537109375,417.8122379259866,407.2833615993766,415.6465973451397,22886800
2025-02-10,411.3951110839844,414.62861779989964,410.0977246861568,412.8821197108573,20817900
2025-02-11,410.6166687011719,411.6645553606299,408.48093644203584,408.8202828688126,18140600
2025-02-12,408.2214660644531,409.92803560329327,403.56079794352274,406.3951110778186,19121700
2025-02-13,409.7184753417969,410.17754630619044,405.54681680905935,406.185550721702,23891700
2025-02-14,407.6126708984375,408.0917213200678,405.06778596420224,406.9739674594389,22758500
2025-02-18,408.8202819824219,409.7783523938356,405.6865508328786,407.18354917543536,21423100
2025-02-19,413.94000244140625,414.6585628844229,406.8342549807474,407.06380569744374,24114200
2025-02-20,416.1300048828125,419.30999755859375,412.5400085449219,415.2900085449219,23508700
2025-02-21,408.2099914550781,418.04998779296875,407.8900146484375,417.3399963378906,27524800
2025-02-24,404.0,409.3699951171875,399.32000732421875,408.510009765625,26443700
2025-02-25,397.8999938964844,401.9200134277344,396.70001220703125,401.1000061035156,29387400
2025-02-26,399.7300109863281,403.6000061035156,394.25,398.010009765625,19619000
2025-02-27,392.5299987792969,405.739990234375,392.1700134277344,401.2699890136719,21127400
2025-02-28,396.989990234375,397.6300048828125,386.57000732421875,392.6600036621094,32826500
